{"cameraMode":{"drawMode":0,"name":"Shaded","section":"Shading Mode"},"sceneLighting":false,"audioPlay":false,"sceneViewState":{"showFog":true,"showMaterialUpdate":false,"showSkybox":true,"showFlares":true,"showImageEffects":true,"showParticleSystems":true},"in2DMode":false,"pivot":{"x":6.140178680419922,"y":-0.25054454803466799,"z":0.0},"rotation":{"x":0.21029388904571534,"y":0.3848944902420044,"z":-0.09052661061286926,"w":0.8941128253936768},"size":2.5797579288482668,"orthographic":true}